{"model_name": "retinanet_resnet50_fpn_v2", "best_trial": 32, "best_val_map": 0.7251312136650085, "params": {"batch_size": 8, "epochs": 100, "preweight_mode": "fine_tuning", "optimizer": "Adam", "lr": 0.00013306848141706506, "beta1": 0.9068693027594908, "beta2": 0.9382663514975078, "scheduler": "CosineAnnealingLR", "T_max": 9, "eta_min": 2.2865560690366153e-07}}