{"model_name": "ssdlite320_mobilenet_v3_large", "best_trial": 31, "best_val_map": 0.6454586982727051, "params": {"batch_size": 8, "epochs": 20, "preweight_mode": "fine_tuning", "optimizer": "Adam", "lr": 0.000721282926313481, "beta1": 0.9073359186756311, "beta2": 0.9910589483762591, "scheduler": "CosineAnnealingLR", "T_max": 6, "eta_min": 1.4508027487967911e-06}}