{"model_name": "ssd300_vgg16", "best_trial": 75, "best_val_map": 0.6289039254188538, "params": {"batch_size": 5, "epochs": 20, "preweight_mode": "fine_tuning", "optimizer": "AdamW", "lr": 0.0009467475340372642, "beta1": 0.8834165199724515, "beta2": 0.9690194026386639, "weight_decay": 0.0015812143275965708, "scheduler": "OneCycleLR", "max_lr": 0.002747758441042921}}