{"model_name": "retinanet_resnet50_fpn", "best_trial": 69, "best_val_map": 0.7266784906387329, "params": {"batch_size": 8, "epochs": 20, "preweight_mode": "fine_tuning", "optimizer": "AdamW", "lr": 0.00011989966633060178, "weight_decay": 0.003485272575990577, "beta1": 0.9084446978867835, "beta2": 0.9924954809481307, "scheduler": "CosineAnnealingLR", "T_max": 12, "eta_min": 3.0098221253759324e-06}}