{"model_name": "fasterrcnn_mobilenet_v3_large_320_fpn", "best_trial": 32, "best_val_map": 0.5019409656524658, "params": {"batch_size": 8, "epochs": 100, "preweight_mode": "fine_tuning", "optimizer": "Adam", "lr": 0.0007125361509283571, "beta1": 0.8078089110293484, "beta2": 0.9832717128674192, "scheduler": "CosineAnnealingLR", "T_max": 6, "eta_min": 1.7025839549624324e-07}}