{"model_name": "fasterrcnn_resnet50_fpn", "best_trial": 71, "best_val_map": 0.7808420658111572, "params": {"batch_size": 8, "epochs": 100, "preweight_mode": "fine_tuning", "optimizer": "SGD", "lr": 0.005077286891014731, "momentum": 0.9410626508845523, "weight_decay": 6.509385638898574e-05, "scheduler": "CosineAnnealingLR", "T_max": 6, "eta_min": 3.181777359507687e-07}}