{
    "n": {
        "val_map50": 0.7936533068606177,
        "test_map50": 0.72095288690363,
        "nat_map50": 0.4783080309756625,
        "eli001_map50": 0.6409833147095867,
        "eli005_map50": 0.17939422589106824,
        "eli01_map50": 0.06626009497851254,
        "uni001_map50": 0.6151096331126097,
        "uni005_map50": 0.17083281677856288,
        "uni01_map50": 0.062421407609377526
    },
    "s": {
        "val_map50": 0.8166406538619398,
        "test_map50": 0.7241846438451247,
        "nat_map50": 0.4905944211926876,
        "eli001_map50": 0.6417302929415419,
        "eli005_map50": 0.17527270871449796,
        "eli01_map50": 0.06530875765858744,
        "uni001_map50": 0.617301339375284,
        "uni005_map50": 0.1614074454005897,
        "uni01_map50": 0.06267740926070989
    },
    "m": {
        "val_map50": 0.8328389570151463,
        "test_map50": 0.766176815785928,
        "nat_map50": 0.5755397682206342,
        "eli001_map50": 0.6908628789909412,
        "eli005_map50": 0.30191985291733026,
        "eli01_map50": 0.18502563732836932,
        "uni001_map50": 0.6661587939014866,
        "uni005_map50": 0.31658538243869716,
        "uni01_map50": 0.17922298661733196
    },
    "l": {
        "val_map50": 0.7831389872900338,
        "test_map50": 0.7301802338468782,
        "nat_map50": 0.5097396156605057,
        "eli001_map50": 0.6547226944660578,
        "eli005_map50": 0.2617416407757208,
        "eli01_map50": 0.11720948922152735,
        "uni001_map50": 0.6625250562751474,
        "uni005_map50": 0.2667657932219329,
        "uni01_map50": 0.14085471679951123
    },
    "x": {
        "val_map50": 0.7885392911177542,
        "test_map50": 0.7532794724749514,
        "nat_map50": 0.547424918853966,
        "eli001_map50": 0.6649724679347258,
        "eli005_map50": 0.254481309911929,
        "eli01_map50": 0.1521185643174714,
        "uni001_map50": 0.665251786800958,
        "uni005_map50": 0.30230871084028055,
        "uni01_map50": 0.1852166801908796
    }
}