{"model_name": "fasterrcnn_resnet50_fpn_v2", "best_trial": 27, "best_val_map": 0.7964865565299988, "params": {"batch_size": 8, "epochs": 20, "preweight_mode": "fine_tuning", "optimizer": "SGD", "lr": 0.02003307641178482, "momentum": 0.9149985660582497, "weight_decay": 2.907225663621022e-05, "scheduler": "StepLR", "step_size": 2, "gamma": 0.4872096123249667}}